step,d_loss,h_loss,gpu_temp
1,0.693146,0.693285,0
2,0.693114,0.694301,0
3,0.693134,0.693215,0
4,0.693148,0.693172,0
5,0.693144,0.692511,0
6,0.693145,0.693321,0
7,0.693141,0.693611,0
8,0.693154,0.692739,0
9,0.693144,0.69352,0
10,0.693139,0.692152,46
11,0.693148,0.694375,46
12,0.693143,0.692914,46
13,0.69314,0.693178,46
14,0.693149,0.693485,46
15,0.693145,0.693146,46
16,0.693138,0.693142,46
17,0.693149,0.693254,46
18,0.693145,0.692017,46
19,0.693147,0.693743,46
20,0.693139,0.692795,46
21,0.693138,0.693332,46
22,0.69316,0.694089,46
23,0.693139,0.692973,46
24,0.693149,0.693642,46
25,0.693143,0.692382,46
26,0.693142,0.693454,46
27,0.693145,0.692971,46
28,0.693157,0.693841,46
29,0.693142,0.692763,46
30,0.693139,0.693195,50
31,0.693143,0.693332,50
32,0.69315,0.693301,50
33,0.693133,0.693208,50
34,0.693143,0.692058,50
35,0.693148,0.693589,50
36,0.693147,0.693037,50
37,0.693147,0.693276,50
38,0.693141,0.693419,50
39,0.693147,0.693419,50
40,0.693153,0.693213,50
41,0.693142,0.692935,50
42,0.693146,0.69304,50
43,0.693147,0.693393,50
44,0.69315,0.692213,50
45,0.693134,0.69335,50
46,0.693153,0.693296,50
47,0.693147,0.693678,50
48,0.693135,0.692513,50
49,0.693149,0.693947,50
50,0.69315,0.69297,51
51,0.693148,0.69341,51
52,0.693138,0.693065,51
53,0.693146,0.69328,51
54,0.69315,0.692852,51
55,0.693144,0.693521,51
56,0.693147,0.693032,51
57,0.693153,0.692863,51
58,0.693147,0.693227,51
59,0.69313,0.693707,51
60,0.693135,0.693433,54
61,0.693172,0.697478,54
62,0.693147,0.691214,54
63,0.693144,0.693913,54
64,0.693141,0.692571,54
65,0.693131,0.694266,54
66,0.693145,0.692987,54
67,0.693147,0.694001,54
68,0.693155,0.694625,54
69,0.693138,0.693408,54
70,0.693137,0.692069,51
71,0.693155,0.693745,51
72,0.693138,0.693644,51
73,0.693139,0.692858,51
74,0.693152,0.693364,51
75,0.693138,0.693252,51
76,0.69315,0.69264,51
77,0.693146,0.693571,51
78,0.693144,0.692958,51
79,0.693145,0.693367,51
80,0.693145,0.693157,56
81,0.693146,0.693236,56
82,0.693148,0.692801,56
83,0.693141,0.693469,56
84,0.693142,0.693231,56
85,0.693148,0.693207,56
86,0.693136,0.693087,56
87,0.693155,0.693286,56
88,0.693144,0.693202,56
89,0.693133,0.693035,56
90,0.69315,0.693717,57
91,0.693143,0.693176,57
92,0.69314,0.692963,57
93,0.693148,0.693439,57
94,0.693147,0.692802,57
95,0.693142,0.693447,57
96,0.693148,0.692774,57
97,0.693146,0.693262,57
98,0.693142,0.693397,57
99,0.693144,0.693264,57
100,0.693142,0.693323,56
101,0.693146,0.69313,56
102,0.693149,0.692955,56
103,0.693145,0.693106,56
104,0.693137,0.692227,56
105,0.693159,0.694152,56
106,0.693145,0.693128,56
107,0.693145,0.693201,56
108,0.693146,0.694048,56
109,0.693141,0.693271,56
110,0.693147,0.693182,57
111,0.693148,0.693493,57
112,0.693157,0.693396,57
113,0.693143,0.692792,57
114,0.693139,0.69306,57
115,0.693157,0.694804,57
116,0.693143,0.69317,57
117,0.693126,0.693788,57
118,0.693125,0.693118,57
119,0.693144,0.693348,57
120,0.693223,0.6987,58
121,0.693147,0.693438,58
122,0.693146,0.692523,58
123,0.693133,0.693875,58
124,0.693147,0.693264,58
125,0.693139,0.69336,58
126,0.693145,0.692756,58
127,0.693139,0.693958,58
128,0.693145,0.692751,58
129,0.693147,0.693269,58
130,0.693143,0.693212,57
131,0.693142,0.691458,57
132,0.69315,0.694219,57
133,0.693143,0.692429,57
134,0.69314,0.693453,57
135,0.693151,0.693408,57
136,0.693147,0.69298,57
137,0.693139,0.694082,57
138,0.693149,0.692845,57
139,0.693128,0.693716,57
140,0.693142,0.693171,61
141,0.693146,0.693388,61
142,0.693145,0.692947,61
143,0.693152,0.693188,61
144,0.693143,0.693074,61
145,0.693141,0.693353,61
146,0.693149,0.693725,61
147,0.693147,0.692997,61
148,0.693138,0.693315,61
149,0.693145,0.693474,61
150,0.693133,0.693209,60
151,0.693143,0.693394,60
152,0.693143,0.69323,60
153,0.693147,0.693024,60
154,0.693142,0.693284,60
155,0.693146,0.693293,60
156,0.693143,0.693278,60
157,0.693142,0.6931,60
158,0.693143,0.693292,60
159,0.693141,0.693229,60
160,0.69314,0.693198,63
161,0.693147,0.69335,63
162,0.693147,0.692747,63
163,0.693145,0.693475,63
164,0.693148,0.693172,63
165,0.693149,0.693324,63
166,0.693145,0.693108,63
167,0.693146,0.693585,63
168,0.693139,0.693075,63
169,0.693149,0.693725,63
170,0.693137,0.693347,61
171,0.693144,0.693515,61
172,0.693148,0.693188,61
173,0.693147,0.693111,61
174,0.693141,0.69317,61
175,0.693143,0.693295,61
176,0.693136,0.693236,61
177,0.693146,0.69301,61
178,0.693141,0.693181,61
179,0.693139,0.693313,61
180,0.693158,0.693077,61
181,0.693142,0.692843,61
182,0.693136,0.693369,61
183,0.693149,0.693249,61
184,0.693143,0.693377,61
185,0.693147,0.692603,61
186,0.693144,0.693199,61
187,0.693146,0.693252,61
188,0.693144,0.693213,61
189,0.693136,0.693587,61
190,0.693147,0.693316,65
191,0.693161,0.695126,65
192,0.693141,0.692963,65
193,0.693144,0.693189,65
194,0.693143,0.693323,65
195,0.693134,0.695047,65
196,0.693145,0.692268,65
197,0.693147,0.693388,65
198,0.693146,0.693025,65
199,0.693142,0.695121,65
200,0.693144,0.692028,65
201,0.693144,0.693807,65
202,0.693148,0.693134,65
203,0.693144,0.693353,65
204,0.693138,0.693072,65
205,0.69315,0.693636,65
206,0.693149,0.693012,65
207,0.693147,0.692907,65
208,0.693141,0.693198,65
209,0.69316,0.696726,65
210,0.693145,0.692316,65
211,0.693146,0.693545,65
212,0.693136,0.693284,65
213,0.693149,0.693833,65
214,0.693146,0.693036,65
215,0.693145,0.693172,65
216,0.693142,0.692992,65
217,0.693147,0.693232,65
218,0.693144,0.693017,65
219,0.693139,0.692764,65
220,0.693145,0.693463,64
221,0.69314,0.693911,64
222,0.69315,0.692979,64
223,0.693146,0.693337,64
224,0.693141,0.693072,64
225,0.693147,0.693139,64
226,0.693147,0.694699,64
227,0.693143,0.692386,64
228,0.693147,0.693945,64
229,0.693143,0.692878,64
230,0.693141,0.693413,65
231,0.693146,0.69306,65
232,0.693146,0.693273,65
233,0.693136,0.692945,65
234,0.693147,0.69336,65
235,0.693148,0.692964,65
236,0.693146,0.692971,65
237,0.693147,0.6932,65
238,0.693148,0.69297,65
239,0.693147,0.69351,65
240,0.693143,0.693373,68
241,0.693147,0.693448,68
242,0.693141,0.691604,68
243,0.693158,0.694659,68
244,0.693147,0.692313,68
245,0.693145,0.693279,68
246,0.693145,0.692514,68
247,0.693142,0.69379,68
248,0.693146,0.692698,68
249,0.69314,0.693401,68
250,0.693143,0.693162,67
251,0.693135,0.693139,67
252,0.693148,0.693797,67
253,0.693146,0.694108,67
254,0.693146,0.692697,67
255,0.693142,0.693429,67
256,0.693147,0.693313,67
257,0.693147,0.693022,67
258,0.693145,0.693128,67
259,0.693145,0.693207,67
260,0.693147,0.693348,70
261,0.693147,0.693398,70
262,0.693124,0.688909,70
263,0.693151,0.693704,70
264,0.693147,0.693517,70
265,0.693148,0.692649,70
266,0.693138,0.692986,70
267,0.693148,0.693503,70
268,0.693144,0.693108,70
269,0.693147,0.693182,70
270,0.693146,0.693202,67
271,0.693131,0.692947,67
272,0.693147,0.693606,67
273,0.693145,0.692984,67
274,0.693142,0.693101,67
275,0.693146,0.693472,67
276,0.693141,0.693198,67
277,0.693148,0.693145,67
278,0.693144,0.692607,67
279,0.69315,0.693719,67
280,0.693147,0.693226,69
281,0.693143,0.692932,69
282,0.693148,0.693523,69
283,0.693143,0.693267,69
284,0.693141,0.693262,69
285,0.693147,0.693136,69
286,0.693143,0.693325,69
287,0.693141,0.692911,69
288,0.693148,0.693798,69
289,0.693145,0.693041,69
290,0.693146,0.693102,68
291,0.693135,0.693389,68
292,0.693147,0.692953,68
293,0.693144,0.692802,68
294,0.693139,0.693766,68
295,0.693146,0.692178,68
296,0.693141,0.685635,68
297,0.693147,0.694775,68
298,0.693149,0.693185,68
299,0.693138,0.693676,68
300,0.693154,0.693504,72
301,0.693145,0.693243,72
302,0.693135,0.693009,72
303,0.693142,0.693666,72
304,0.693147,0.693307,72
305,0.693131,0.693348,72
306,0.693139,0.693275,72
307,0.693141,0.693138,72
308,0.693141,0.693326,72
309,0.693146,0.693018,72
310,0.693149,0.693142,72
311,0.693147,0.693366,72
312,0.693145,0.69321,72
313,0.693147,0.693227,72
314,0.693141,0.693226,72
315,0.693144,0.693069,72
316,0.693147,0.693118,72
317,0.693147,0.693323,72
318,0.693147,0.693173,72
319,0.693146,0.693171,72
320,0.693146,0.693105,72
321,0.693147,0.693238,72
322,0.693143,0.693142,72
323,0.693137,0.693626,72
324,0.693137,0.692665,72
325,0.693148,0.693811,72
326,0.693143,0.69327,72
327,0.693137,0.693207,72
328,0.693152,0.69499,72
329,0.693147,0.692912,72
330,0.693142,0.693309,70
331,0.693145,0.693687,70
332,0.693144,0.693133,70
333,0.693143,0.692977,70
334,0.693145,0.693531,70
335,0.693146,0.693222,70
336,0.693146,0.693031,70
337,0.693146,0.693306,70
338,0.693146,0.693169,70
339,0.693146,0.693207,70
340,0.693146,0.693257,73
341,0.693146,0.693191,73
342,0.693145,0.693171,73
343,0.693147,0.693128,73
344,0.693146,0.693246,73
345,0.693147,0.693216,73
346,0.693145,0.693213,73
347,0.693147,0.693219,73
348,0.693145,0.693308,73
349,0.693147,0.693219,73
350,0.693147,0.693085,71
351,0.693146,0.693154,71
352,0.693147,0.693129,71
353,0.693148,0.693154,71
354,0.693145,0.692939,71
355,0.693147,0.693413,71
356,0.693148,0.693016,71
357,0.693147,0.69297,71
358,0.693145,0.693094,71
359,0.693148,0.693224,71
360,0.693148,0.693934,71
361,0.69314,0.693685,71
362,0.693143,0.693001,71
363,0.693149,0.693578,71
364,0.693142,0.693747,71
365,0.693143,0.693053,71
366,0.693148,0.692561,71
367,0.693145,0.693715,71
368,0.693148,0.693489,71
369,0.693144,0.692463,71
370,0.693141,0.694323,71
371,0.693149,0.692107,71
372,0.693143,0.69373,71
373,0.693147,0.693104,71
374,0.693147,0.692937,71
375,0.693144,0.693253,71
376,0.693147,0.693049,71
377,0.693146,0.693338,71
378,0.693146,0.693416,71
379,0.693147,0.692661,71
380,0.693146,0.69442,71
381,0.693148,0.693056,71
382,0.693147,0.692746,71
383,0.693143,0.693657,71
384,0.693148,0.69203,71
385,0.693149,0.695267,71
386,0.693148,0.692541,71
387,0.693144,0.693211,71
388,0.693143,0.693617,71
389,0.693148,0.693359,71
390,0.693147,0.693566,75
391,0.693143,0.692992,75
392,0.693147,0.693319,75
393,0.693145,0.692905,75
394,0.693146,0.693213,75
395,0.693146,0.693114,75
396,0.693147,0.692533,75
397,0.693147,0.691991,75
398,0.693145,0.693408,75
399,0.693145,0.693358,75
400,0.693145,0.693424,72
401,0.693145,0.693081,72
402,0.693144,0.692817,72
403,0.69315,0.693391,72
404,0.693145,0.693507,72
405,0.693148,0.693724,72
406,0.693144,0.693279,72
407,0.693146,0.693505,72
408,0.693146,0.693551,72
409,0.693147,0.693804,72
410,0.693145,0.693534,73
411,0.693147,0.693077,73
412,0.693145,0.692588,73
413,0.693147,0.693157,73
414,0.693147,0.692846,73
415,0.693146,0.692888,73
416,0.693145,0.693298,73
417,0.693146,0.692847,73
418,0.693146,0.693237,73
419,0.693145,0.693066,73
420,0.693147,0.693322,76
421,0.693146,0.692844,76
422,0.693146,0.693258,76
423,0.693147,0.692672,76
424,0.693147,0.692939,76
425,0.693146,0.692535,76
426,0.693147,0.693393,76
427,0.693143,0.69337,76
428,0.693147,0.693235,76
429,0.693144,0.693267,76
430,0.693147,0.69306,76
431,0.693147,0.693983,76
432,0.693142,0.69298,76
433,0.693148,0.691183,76
434,0.693145,0.69287,76
435,0.693147,0.692939,76
436,0.693146,0.692178,76
437,0.693148,0.691321,76
438,0.693151,0.689244,76
439,0.693156,0.687051,76
440,0.693149,0.695381,76
441,0.693148,0.693445,76
442,0.693148,0.693562,76
443,0.693145,0.69294,76
444,0.693147,0.692845,76
445,0.693147,0.69324,76
446,0.693147,0.693338,76
447,0.693148,0.693213,76
448,0.693147,0.693165,76
449,0.693146,0.693223,76
450,0.693148,0.693263,77
451,0.693145,0.693149,77
452,0.693147,0.69306,77
453,0.693145,0.693042,77
454,0.693146,0.693336,77
455,0.693147,0.693018,77
456,0.693143,0.693271,77
457,0.693149,0.692378,77
458,0.693145,0.693409,77
459,0.693145,0.693247,77
460,0.693148,0.692976,74
461,0.693145,0.693215,74
462,0.693145,0.693144,74
463,0.693145,0.693526,74
464,0.693146,0.693035,74
465,0.693145,0.693045,74
466,0.693146,0.693556,74
467,0.693146,0.69301,74
468,0.693146,0.693393,74
469,0.693147,0.693026,74
470,0.693147,0.693164,74
471,0.693146,0.6932,74
472,0.693147,0.692797,74
473,0.693147,0.693374,74
474,0.693148,0.693126,74
475,0.693147,0.69315,74
476,0.693147,0.692964,74
477,0.693143,0.693372,74
478,0.693151,0.693741,74
479,0.693148,0.693124,74
480,0.693144,0.692997,77
481,0.693149,0.693803,77
482,0.693145,0.693066,77
483,0.693138,0.693729,77
484,0.693144,0.693223,77
485,0.693148,0.693568,77
486,0.69315,0.693938,77
487,0.693143,0.693162,77
488,0.693146,0.693059,77
489,0.693146,0.693216,77
490,0.693144,0.693292,75
491,0.693147,0.693263,75
492,0.693147,0.693247,75
493,0.693144,0.693145,75
494,0.693147,0.693284,75
495,0.693146,0.692855,75
496,0.693146,0.693301,75
497,0.693144,0.693335,75
498,0.693148,0.69325,75
499,0.693146,0.693027,75
500,0.693147,0.693329,79
501,0.693145,0.693126,79
502,0.693146,0.693274,79
503,0.693144,0.693075,79
504,0.693147,0.693148,79
505,0.693147,0.692984,79
506,0.693146,0.692977,79
507,0.693145,0.693379,79
508,0.693148,0.692408,79
509,0.69315,0.692754,79
510,0.693148,0.69278,77
511,0.693145,0.693041,77
512,0.693147,0.693166,77
513,0.693142,0.693358,77
514,0.693148,0.692458,77
515,0.693143,0.694103,77
516,0.693142,0.693146,77
517,0.693147,0.692993,77
518,0.693147,0.693676,77
519,0.693147,0.693268,77
520,0.693146,0.693517,78
521,0.693149,0.692868,78
522,0.693145,0.69352,78
523,0.693146,0.693025,78
524,0.693144,0.693536,78
525,0.693145,0.693068,78
526,0.693144,0.692913,78
527,0.693147,0.693195,78
528,0.693149,0.693529,78
529,0.693146,0.693716,78
530,0.693143,0.692612,76
531,0.693148,0.693446,76
532,0.693143,0.69336,76
533,0.693146,0.693043,76
534,0.693148,0.693312,76
535,0.693147,0.693155,76
536,0.693145,0.694002,76
537,0.693149,0.694927,76
538,0.693148,0.692728,76
539,0.693147,0.692779,76
540,0.693146,0.693475,77
541,0.693145,0.692984,77
542,0.693145,0.692821,77
543,0.693146,0.693714,77
544,0.693147,0.693021,77
545,0.693148,0.693103,77
546,0.693146,0.693231,77
547,0.693147,0.692998,77
548,0.693147,0.693198,77
549,0.693147,0.693381,77
550,0.693144,0.692828,79
551,0.693146,0.693642,79
552,0.693147,0.693341,79
553,0.693147,0.692448,79
554,0.693145,0.693289,79
555,0.693145,0.692909,79
556,0.693147,0.693074,79
557,0.693147,0.693339,79
558,0.693143,0.693712,79
559,0.693148,0.693,79
560,0.693148,0.692603,77
561,0.693147,0.693563,77
562,0.69313,0.69412,77
563,0.693147,0.69293,77
564,0.693151,0.693722,77
565,0.693148,0.693452,77
566,0.693142,0.692834,77
567,0.693149,0.693216,77
568,0.693146,0.693494,77
569,0.693144,0.693516,77
570,0.693147,0.693123,77
571,0.69314,0.693328,77
572,0.693142,0.693497,77
573,0.693147,0.691125,77
574,0.693144,0.694128,77
575,0.693148,0.692506,77
576,0.693147,0.69412,77
577,0.693148,0.692656,77
578,0.693309,0.698545,77
579,0.693165,0.690005,77
580,0.693145,0.695461,77
581,0.693149,0.692619,77
582,0.693148,0.693147,77
583,0.693146,0.693503,77
584,0.693147,0.692957,77
585,0.693146,0.693235,77
586,0.693145,0.693183,77
587,0.693145,0.693429,77
588,0.693147,0.693465,77
589,0.693147,0.693186,77
590,0.693143,0.692964,81
591,0.693147,0.693088,81
592,0.693145,0.693683,81
593,0.693147,0.693165,81
594,0.693144,0.69316,81
595,0.693146,0.693049,81
596,0.693145,0.693193,81
597,0.693147,0.693207,81
598,0.693147,0.692936,81
599,0.693147,0.693283,81
600,0.693147,0.692864,79
601,0.693145,0.693404,79
602,0.693146,0.69364,79
603,0.693147,0.693122,79
604,0.693145,0.693241,79
605,0.693146,0.693092,79
606,0.693147,0.693236,79
607,0.693146,0.693153,79
608,0.693144,0.693294,79
609,0.693148,0.693621,79
610,0.693148,0.69327,79
611,0.693149,0.693683,79
612,0.693144,0.692636,79
613,0.693145,0.693254,79
614,0.693145,0.693299,79
615,0.693144,0.69325,79
616,0.693148,0.693568,79
617,0.693147,0.693104,79
618,0.693146,0.693124,79
619,0.693148,0.693068,79
620,0.693146,0.693165,80
621,0.693147,0.693001,80
622,0.693147,0.693101,80
623,0.693145,0.693073,80
624,0.693144,0.693207,80
625,0.693147,0.693438,80
626,0.693146,0.693144,80
627,0.693147,0.693097,80
628,0.693147,0.693189,80
629,0.693147,0.693152,80
630,0.693145,0.693281,79
631,0.693145,0.693135,79
632,0.693147,0.693323,79
633,0.693147,0.693589,79
634,0.693148,0.692839,79
635,0.693146,0.693191,79
636,0.693147,0.6934,79
637,0.693146,0.693176,79
638,0.693147,0.693099,79
639,0.693147,0.69309,79
640,0.693147,0.693382,79
641,0.693146,0.692901,79
642,0.693143,0.693445,79
643,0.693144,0.693663,79
644,0.69314,0.693117,79
645,0.693147,0.693445,79
646,0.693146,0.693399,79
647,0.693144,0.692932,79
648,0.693147,0.693359,79
649,0.693146,0.693282,79
650,0.693144,0.692799,81
651,0.693143,0.692683,81
652,0.693147,0.694369,81
653,0.693148,0.692936,81
654,0.693146,0.693016,81
655,0.693148,0.69327,81
656,0.693144,0.693285,81
657,0.693147,0.69289,81
658,0.693147,0.693358,81
659,0.693147,0.693352,81
660,0.693146,0.693185,82
661,0.693147,0.692812,82
662,0.693146,0.693177,82
663,0.693145,0.693083,82
664,0.693151,0.69436,82
665,0.693143,0.694255,82
666,0.693145,0.692515,82
667,0.693141,0.693917,82
668,0.693145,0.693431,82
669,0.69315,0.694565,82
670,0.693147,0.693393,79
671,0.693147,0.692939,79
672,0.693148,0.693233,79
673,0.693145,0.692598,79
674,0.693142,0.693493,79
675,0.693148,0.69383,79
676,0.693146,0.692829,79
677,0.693144,0.693241,79
678,0.693146,0.693376,79
679,0.693149,0.693337,79
680,0.693146,0.692896,79
681,0.693141,0.693372,79
682,0.693148,0.693353,79
683,0.693145,0.692934,79
684,0.693154,0.693719,79
685,0.693144,0.692661,79
686,0.693138,0.694317,79
687,0.693147,0.693253,79
688,0.693148,0.693632,79
689,0.693151,0.694047,79
690,0.693148,0.691855,82
691,0.693148,0.693346,82
692,0.693142,0.693212,82
693,0.693149,0.693826,82
694,0.693146,0.693078,82
695,0.693147,0.692962,82
696,0.693146,0.693358,82
697,0.693144,0.693251,82
698,0.693148,0.693513,82
699,0.693144,0.692845,82
700,0.693152,0.694755,79
701,0.693144,0.691131,79
702,0.693143,0.693866,79
703,0.693144,0.692883,79
704,0.693152,0.694089,79
705,0.693146,0.692114,79
706,0.693155,0.69385,79
707,0.693146,0.693589,79
708,0.693142,0.692719,79
709,0.693147,0.693544,79
710,0.693143,0.693284,80
711,0.693143,0.693363,80
712,0.693149,0.693141,80
713,0.693145,0.693272,80
714,0.693138,0.693045,80
715,0.693149,0.695236,80
716,0.693146,0.692092,80
717,0.693147,0.693449,80
718,0.693147,0.692687,80
719,0.693145,0.693973,80
720,0.693146,0.692827,81
721,0.693146,0.693054,81
722,0.693147,0.693071,81
723,0.693144,0.69342,81
724,0.693146,0.692497,81
725,0.693145,0.693683,81
726,0.693143,0.693179,81
727,0.693147,0.693498,81
728,0.693144,0.692807,81
729,0.693144,0.692677,81
730,0.693139,0.693597,80
731,0.693146,0.692787,80
732,0.693134,0.693431,80
733,0.69315,0.693501,80
734,0.693147,0.692907,80
735,0.693143,0.692828,80
736,0.693145,0.693658,80
737,0.693142,0.693553,80
738,0.693141,0.692973,80
739,0.693145,0.693187,80
740,0.693147,0.692978,83
741,0.693147,0.693213,83
742,0.693141,0.693188,83
743,0.693147,0.693064,83
744,0.693145,0.693514,83
745,0.693143,0.692851,83
746,0.693137,0.690433,83
747,0.693141,0.694183,83
748,0.693143,0.693044,83
749,0.693147,0.692875,83
750,0.693145,0.692844,82
751,0.693143,0.693507,82
752,0.693143,0.690781,82
753,0.69315,0.695173,82
754,0.693139,0.69245,82
755,0.693146,0.693465,82
756,0.693141,0.691921,82
757,0.693145,0.694349,82
758,0.693142,0.692986,82
759,0.693138,0.692773,82
760,0.693151,0.695191,82
761,0.693146,0.692735,82
762,0.693146,0.693059,82
763,0.693147,0.693021,82
764,0.693142,0.692897,82
765,0.693143,0.693455,82
766,0.693117,0.694424,82
767,0.693131,0.69302,82
768,0.693143,0.69384,82
769,0.693148,0.693389,82
770,0.693138,0.692584,81
771,0.693145,0.6934,81
772,0.693146,0.692891,81
773,0.693141,0.693498,81
774,0.693142,0.692349,81
775,0.693141,0.693574,81
776,0.693143,0.693147,81
777,0.69314,0.693169,81
778,0.693144,0.693154,81
779,0.693144,0.693391,81
780,0.693145,0.692773,82
781,0.693143,0.693406,82
782,0.693148,0.693056,82
783,0.693145,0.693016,82
784,0.693141,0.692535,82
785,0.69314,0.693378,82
786,0.693144,0.692949,82
787,0.693144,0.692089,82
788,0.693151,0.695215,82
789,0.693148,0.692905,82
790,0.693145,0.693211,81
791,0.693145,0.694094,81
792,0.693165,0.693502,81
793,0.693153,0.692667,81
794,0.693365,0.681421,81
795,0.693269,0.690902,81
796,0.693227,0.690612,81
797,0.693152,0.691933,81
798,0.693222,0.690342,81
799,0.693156,0.692971,81
800,0.693149,0.693424,84
801,0.69318,0.693335,84
802,0.69317,0.692403,84
803,0.693156,0.693452,84
804,0.693133,0.69502,84
805,0.69315,0.693447,84
806,0.693148,0.693001,84
807,0.693147,0.692934,84
808,0.693143,0.693292,84
809,0.693141,0.694004,84
810,0.69315,0.692665,82
811,0.693144,0.693572,82
812,0.693141,0.69335,82
813,0.693137,0.693332,82
814,0.693144,0.693097,82
815,0.693147,0.693319,82
816,0.693142,0.693191,82
817,0.693146,0.692997,82
818,0.693147,0.693432,82
819,0.693143,0.692873,82
820,0.693146,0.693293,84
821,0.693144,0.693026,84
822,0.693147,0.6934,84
823,0.693146,0.693157,84
824,0.693144,0.693405,84
825,0.693148,0.692633,84
826,0.693139,0.693734,84
827,0.693149,0.693159,84
828,0.693146,0.693327,84
829,0.693147,0.693098,84
830,0.693143,0.693356,84
831,0.693144,0.693075,84
832,0.693147,0.693109,84
833,0.693146,0.693312,84
834,0.693147,0.693267,84
835,0.693146,0.693267,84
836,0.693147,0.692951,84
837,0.693147,0.69328,84
838,0.693147,0.693047,84
839,0.693147,0.693357,84
840,0.693147,0.693335,81
841,0.693147,0.693104,81
842,0.693147,0.693138,81
843,0.69314,0.69303,81
844,0.693146,0.693129,81
845,0.693142,0.693114,81
846,0.693147,0.693317,81
847,0.693147,0.69449,81
848,0.693147,0.692854,81
849,0.693147,0.693103,81
850,0.693147,0.693223,81
851,0.693147,0.692992,81
852,0.693146,0.693276,81
853,0.693148,0.692893,81
854,0.693146,0.692997,81
855,0.693147,0.693211,81
856,0.693148,0.693101,81
857,0.693146,0.693265,81
858,0.693145,0.693199,81
859,0.693142,0.693179,81
860,0.693146,0.693291,82
861,0.693145,0.693085,82
862,0.693147,0.693179,82
863,0.69315,0.693578,82
864,0.693147,0.692813,82
865,0.693146,0.693172,82
866,0.693148,0.693178,82
867,0.693142,0.693144,82
868,0.693145,0.693671,82
869,0.693144,0.692584,82
870,0.693147,0.693096,85
871,0.693147,0.693726,85
872,0.693147,0.693047,85
873,0.693148,0.692157,85
874,0.693149,0.694156,85
875,0.693142,0.69297,85
876,0.693149,0.692865,85
877,0.693148,0.693372,85
878,0.693147,0.693272,85
879,0.693139,0.693255,85
880,0.693146,0.693232,83
881,0.693144,0.693034,83
882,0.693146,0.693192,83
883,0.693146,0.693199,83
884,0.693146,0.693244,83
885,0.693146,0.693339,83
886,0.693143,0.693465,83
887,0.693147,0.693309,83
888,0.693147,0.693002,83
889,0.693147,0.693241,83
890,0.693145,0.693332,81
891,0.693147,0.692862,81
892,0.693147,0.693202,81
893,0.693143,0.6932,81
894,0.693143,0.693322,81
895,0.693145,0.693046,81
896,0.693144,0.693442,81
897,0.693147,0.692966,81
898,0.693147,0.693003,81
899,0.693147,0.693316,81
900,0.693147,0.693206,81
901,0.693145,0.693251,81
902,0.693147,0.693131,81
903,0.693142,0.693354,81
904,0.693145,0.693258,81
905,0.693147,0.693207,81
906,0.693146,0.693779,81
907,0.693147,0.692834,81
908,0.693145,0.693269,81
909,0.693147,0.693149,81
910,0.693146,0.693106,81
911,0.693147,0.693121,81
912,0.693147,0.693021,81
913,0.693147,0.69333,81
914,0.693145,0.69299,81
915,0.693146,0.693264,81
916,0.693146,0.693063,81
917,0.693147,0.693249,81
918,0.693145,0.693126,81
919,0.693142,0.693101,81
920,0.693147,0.693022,81
921,0.693147,0.693283,81
922,0.693147,0.693113,81
923,0.693142,0.693295,81
924,0.693147,0.69288,81
925,0.693148,0.692908,81
926,0.693146,0.693315,81
927,0.693147,0.693279,81
928,0.693147,0.693114,81
929,0.693147,0.693358,81
930,0.693147,0.692926,81
931,0.693146,0.693233,81
932,0.693147,0.693282,81
933,0.693146,0.693132,81
934,0.693147,0.692954,81
935,0.693147,0.693055,81
936,0.693147,0.693222,81
937,0.693148,0.693049,81
938,0.693147,0.693365,81
939,0.693147,0.692971,81
940,0.693147,0.693105,81
941,0.693147,0.693104,81
942,0.693147,0.693114,81
943,0.693147,0.693236,81
944,0.693147,0.693128,81
945,0.693146,0.693078,81
946,0.693148,0.693324,81
947,0.693148,0.693262,81
948,0.693145,0.692922,81
949,0.693146,0.693294,81
950,0.693147,0.693034,82
951,0.693147,0.693055,82
952,0.693147,0.693391,82
953,0.693144,0.693423,82
954,0.693147,0.693233,82
955,0.693146,0.693329,82
956,0.693146,0.693139,82
957,0.693147,0.693531,82
958,0.693145,0.693376,82
959,0.693146,0.6927,82
960,0.693145,0.693761,82
961,0.693148,0.693446,82
962,0.693143,0.692624,82
963,0.693145,0.693204,82
964,0.693144,0.693179,82
965,0.693147,0.693182,82
966,0.693144,0.693378,82
967,0.693144,0.693128,82
968,0.693145,0.692901,82
969,0.693146,0.693296,82
970,0.693145,0.693413,81
971,0.693146,0.692828,81
972,0.693146,0.693662,81
973,0.693143,0.693336,81
974,0.693153,0.694121,81
975,0.693145,0.69286,81
976,0.693147,0.693666,81
977,0.693147,0.693219,81
978,0.693146,0.692848,81
979,0.693146,0.69328,81
980,0.693142,0.693518,82
981,0.693147,0.69363,82
982,0.693147,0.693016,82
983,0.693149,0.693471,82
984,0.693146,0.693008,82
985,0.693147,0.692959,82
986,0.693146,0.693394,82
987,0.693146,0.693223,82
988,0.693145,0.693261,82
989,0.693146,0.693137,82
990,0.693146,0.693109,83
991,0.693147,0.693469,83
992,0.693145,0.693026,83
993,0.693146,0.692904,83
994,0.693146,0.693178,83
995,0.693147,0.693511,83
996,0.693146,0.692973,83
997,0.693146,0.693104,83
998,0.693147,0.693349,83
999,0.693147,0.693128,83
1000,0.693147,0.693288,82
1001,0.693146,0.693167,82
1002,0.693147,0.693069,82
1003,0.693146,0.693318,82
1004,0.693147,0.692971,82
1005,0.693147,0.693305,82
1006,0.693147,0.693078,82
1007,0.693147,0.693126,82
1008,0.693147,0.693157,82
1009,0.693147,0.693209,82
1010,0.693147,0.693046,85
1011,0.693147,0.693122,85
1012,0.693146,0.693083,85
1013,0.693146,0.69331,85
1014,0.693148,0.693138,85
1015,0.693147,0.69329,85
1016,0.693148,0.692978,85
1017,0.693146,0.692768,85
1018,0.693146,0.693354,85
1019,0.693148,0.693183,85
1020,0.693147,0.693419,82
1021,0.693145,0.693066,82
1022,0.693146,0.693699,82
1023,0.693147,0.692844,82
1024,0.693146,0.693436,82
1025,0.693147,0.693214,82
1026,0.693146,0.693328,82
1027,0.693147,0.693032,82
1028,0.693147,0.69327,82
1029,0.693146,0.693201,82
1030,0.693148,0.693049,85
1031,0.693146,0.693517,85
1032,0.693146,0.692964,85
1033,0.693148,0.693354,85
1034,0.693146,0.692972,85
1035,0.693146,0.693108,85
1036,0.693147,0.693046,85
1037,0.693147,0.693164,85
1038,0.693147,0.693227,85
1039,0.693147,0.693006,85
1040,0.693146,0.693254,86
1041,0.693147,0.693255,86
1042,0.693146,0.693132,86
1043,0.693147,0.693105,86
1044,0.693146,0.693196,86
1045,0.693148,0.693026,86
1046,0.693147,0.693282,86
1047,0.693147,0.693068,86
1048,0.693147,0.693128,86
1049,0.693147,0.6932,86
1050,0.693147,0.693094,84
1051,0.693147,0.693229,84
1052,0.693147,0.693213,84
1053,0.693147,0.693164,84
1054,0.693147,0.693167,84
1055,0.693147,0.69313,84
1056,0.693147,0.693101,84
1057,0.693147,0.693148,84
1058,0.693147,0.693189,84
1059,0.693147,0.693108,84
1060,0.693146,0.693296,86
1061,0.693147,0.692967,86
1062,0.693147,0.693408,86
1063,0.693147,0.693245,86
1064,0.693147,0.692918,86
1065,0.693147,0.693222,86
1066,0.693146,0.693102,86
1067,0.693148,0.693213,86
1068,0.693146,0.693135,86
1069,0.693146,0.692992,86
1070,0.693148,0.693463,82
1071,0.693151,0.693686,82
1072,0.693146,0.692631,82
1073,0.693145,0.693472,82
1074,0.693145,0.693276,82
1075,0.693146,0.693132,82
1076,0.693144,0.693398,82
1077,0.693147,0.693827,82
1078,0.693147,0.693082,82
1079,0.693143,0.693366,82
1080,0.693143,0.693466,83
1081,0.693146,0.693376,83
1082,0.693146,0.693105,83
1083,0.693147,0.693103,83
1084,0.693147,0.69314,83
1085,0.693146,0.69327,83
1086,0.693147,0.693198,83
1087,0.693146,0.693181,83
1088,0.693147,0.693125,83
1089,0.693147,0.693189,83
1090,0.693147,0.69314,87
1091,0.693147,0.693195,87
1092,0.693147,0.693159,87
1093,0.693146,0.693093,87
1094,0.693147,0.693135,87
1095,0.693148,0.693286,87
1096,0.693147,0.693321,87
1097,0.693147,0.693051,87
1098,0.693146,0.693358,87
1099,0.693147,0.693106,87
1100,0.693147,0.693124,84
1101,0.693147,0.69316,84
1102,0.693147,0.693216,84
1103,0.693147,0.693235,84
1104,0.693145,0.693134,84
1105,0.693146,0.693238,84
1106,0.693147,0.693068,84
1107,0.693145,0.693275,84
1108,0.693149,0.693237,84
1109,0.693146,0.693168,84
1110,0.693147,0.693537,87
1111,0.693146,0.693328,87
1112,0.693146,0.693152,87
1113,0.693147,0.69325,87
1114,0.693146,0.693106,87
1115,0.693147,0.693156,87
1116,0.693147,0.693206,87
1117,0.693147,0.693239,87
1118,0.693147,0.693084,87
1119,0.693145,0.693331,87
1120,0.693146,0.693195,84
1121,0.693143,0.693191,84
1122,0.693148,0.693833,84
1123,0.693148,0.692969,84
1124,0.693147,0.69292,84
1125,0.693146,0.693162,84
1126,0.693145,0.693357,84
1127,0.69315,0.693633,84
1128,0.693145,0.693137,84
1129,0.693144,0.693251,84
1130,0.693147,0.69357,87
1131,0.693148,0.693134,87
1132,0.693146,0.69423,87
1133,0.693146,0.692343,87
1134,0.693144,0.693933,87
1135,0.693145,0.693321,87
1136,0.693145,0.693305,87
1137,0.693147,0.692971,87
1138,0.693146,0.693291,87
1139,0.693147,0.69312,87
1140,0.693146,0.693055,86
1141,0.693149,0.693599,86
1142,0.693147,0.69351,86
1143,0.693146,0.692788,86
1144,0.693145,0.693281,86
1145,0.693147,0.693155,86
1146,0.693147,0.693268,86
1147,0.693143,0.693178,86
1148,0.693148,0.693508,86
1149,0.693147,0.69344,86
1150,0.693143,0.693276,86
1151,0.693145,0.692861,86
1152,0.693145,0.693043,86
1153,0.693143,0.693945,86
1154,0.693149,0.693004,86
1155,0.693148,0.693719,86
1156,0.693146,0.692939,86
1157,0.693147,0.693213,86
1158,0.693147,0.693227,86
1159,0.693145,0.693365,86
1160,0.693145,0.693031,87
1161,0.693148,0.69385,87
1162,0.693147,0.693158,87
1163,0.693147,0.693005,87
1164,0.693146,0.693054,87
1165,0.693144,0.693481,87
1166,0.693147,0.69289,87
1167,0.693144,0.693368,87
1168,0.693149,0.693705,87
1169,0.693147,0.692909,87
1170,0.693147,0.692991,87
1171,0.693146,0.693268,87
1172,0.693143,0.693683,87
1173,0.693145,0.692925,87
1174,0.693146,0.693347,87
1175,0.693149,0.693497,87
1176,0.693147,0.693344,87
1177,0.693143,0.694106,87
1178,0.693147,0.692489,87
1179,0.693145,0.693479,87
1180,0.693146,0.693171,87
1181,0.693146,0.693585,87
1182,0.693147,0.692896,87
1183,0.693147,0.693734,87
1184,0.693147,0.693098,87
1185,0.693144,0.693358,87
1186,0.693147,0.692682,87
1187,0.693145,0.693531,87
1188,0.693146,0.693106,87
1189,0.693147,0.693323,87
1190,0.693148,0.693123,84
1191,0.693147,0.693013,84
1192,0.693147,0.69316,84
1193,0.693146,0.693235,84
1194,0.693146,0.693063,84
1195,0.693147,0.693103,84
1196,0.693145,0.693,84
1197,0.693147,0.693136,84
1198,0.693145,0.693205,84
1199,0.693148,0.692971,84
1200,0.693147,0.693368,87
1201,0.693145,0.693273,87
1202,0.693147,0.694245,87
1203,0.693147,0.693097,87
1204,0.693146,0.692983,87
1205,0.693145,0.693267,87
1206,0.693147,0.693031,87
1207,0.693146,0.693334,87
1208,0.693147,0.693115,87
1209,0.693147,0.693372,87
1210,0.693144,0.693067,85
1211,0.693146,0.694196,85
1212,0.693147,0.693217,85
1213,0.693142,0.693023,85
1214,0.693145,0.693183,85
1215,0.693144,0.693457,85
1216,0.693148,0.693045,85
1217,0.693146,0.692837,85
1218,0.693145,0.693218,85
1219,0.693147,0.69341,85
1220,0.693146,0.692409,86
1221,0.693148,0.693503,86
1222,0.693147,0.693298,86
1223,0.693146,0.693043,86
1224,0.693146,0.693048,86
1225,0.693146,0.692946,86
1226,0.69314,0.692722,86
1227,0.693139,0.693301,86
1228,0.693143,0.693095,86
1229,0.693142,0.693269,86
1230,0.693147,0.693487,85
1231,0.693148,0.693018,85
1232,0.693147,0.693564,85
1233,0.693144,0.689918,85
1234,0.69314,0.692755,85
1235,0.693147,0.69274,85
1236,0.693147,0.693459,85
1237,0.693144,0.693195,85
1238,0.693147,0.692707,85
1239,0.693148,0.69417,85
1240,0.693144,0.692412,84
1241,0.693146,0.693515,84
1242,0.693147,0.692935,84
1243,0.693147,0.693205,84
1244,0.693147,0.693037,84
1245,0.693148,0.693104,84
1246,0.693148,0.692986,84
1247,0.693148,0.69335,84
1248,0.69314,0.692958,84
1249,0.693142,0.692413,84
1250,0.693148,0.693226,85
1251,0.693147,0.693286,85
1252,0.693145,0.693626,85
1253,0.693147,0.692515,85
1254,0.693147,0.693317,85
1255,0.693147,0.693287,85
1256,0.693146,0.693006,85
1257,0.693147,0.693013,85
1258,0.693147,0.69329,85
1259,0.693147,0.693018,85
1260,0.693147,0.693518,86
1261,0.693147,0.6933,86
1262,0.693147,0.692964,86
1263,0.693147,0.693313,86
1264,0.693144,0.693352,86
1265,0.693147,0.693241,86
1266,0.693141,0.692992,86
1267,0.693146,0.692892,86
1268,0.693146,0.692953,86
1269,0.693148,0.693301,86
1270,0.693144,0.695329,84
1271,0.693147,0.692457,84
1272,0.693147,0.693384,84
1273,0.693143,0.69301,84
1274,0.693123,0.69097,84
1275,0.693149,0.693473,84
1276,0.693147,0.693302,84
1277,0.693147,0.692932,84
1278,0.693139,0.693624,84
1279,0.693143,0.693005,84
1280,0.693147,0.693206,83
1281,0.693144,0.69305,83
1282,0.693145,0.693655,83
1283,0.693144,0.693039,83
1284,0.693143,0.693317,83
1285,0.693147,0.692877,83
1286,0.693145,0.693276,83
1287,0.693147,0.693106,83
1288,0.693144,0.693246,83
1289,0.693145,0.693631,83
1290,0.693146,0.69282,87
1291,0.693144,0.693263,87
1292,0.693142,0.693298,87
1293,0.693145,0.692501,87
1294,0.693146,0.693131,87
1295,0.693147,0.692953,87
1296,0.693147,0.693337,87
1297,0.693148,0.693214,87
1298,0.693148,0.693228,87
1299,0.693147,0.692976,87
1300,0.693144,0.693242,84
1301,0.693148,0.693273,84
1302,0.693147,0.693283,84
1303,0.693146,0.694262,84
1304,0.693145,0.692754,84
1305,0.693144,0.692354,84
1306,0.693146,0.693621,84
1307,0.693145,0.693189,84
1308,0.693142,0.692569,84
1309,0.693149,0.693011,84
1310,0.693146,0.693651,87
1311,0.693143,0.692582,87
1312,0.693146,0.693487,87
1313,0.693146,0.693137,87
1314,0.693143,0.693215,87
1315,0.693146,0.693223,87
1316,0.69314,0.693359,87
1317,0.693147,0.692892,87
1318,0.693147,0.693184,87
1319,0.693142,0.692902,87
1320,0.693147,0.693221,87
1321,0.693147,0.693061,87
1322,0.693148,0.692841,87
1323,0.693148,0.693419,87
1324,0.693147,0.692963,87
1325,0.693147,0.693342,87
1326,0.693147,0.693088,87
1327,0.693147,0.69316,87
1328,0.693146,0.692995,87
1329,0.693145,0.693252,87
1330,0.693146,0.693097,84
1331,0.693147,0.693023,84
1332,0.693146,0.693242,84
1333,0.693146,0.693134,84
1334,0.693147,0.693067,84
1335,0.693147,0.693303,84
1336,0.693145,0.693032,84
1337,0.693147,0.693185,84
1338,0.693147,0.693017,84
1339,0.693147,0.693467,84
1340,0.693147,0.692816,86
1341,0.693144,0.693304,86
1342,0.693148,0.693497,86
1343,0.693148,0.692913,86
1344,0.693145,0.693261,86
1345,0.693142,0.693191,86
1346,0.693149,0.693194,86
1347,0.693147,0.692635,86
1348,0.693142,0.692942,86
1349,0.693147,0.693082,86
1350,0.693148,0.693177,87
1351,0.693138,0.693596,87
1352,0.693147,0.693038,87
1353,0.693147,0.693214,87
1354,0.693142,0.693283,87
1355,0.693147,0.693018,87
1356,0.693146,0.693144,87
1357,0.693147,0.692784,87
1358,0.693148,0.691757,87
1359,0.693145,0.693597,87
1360,0.693147,0.693086,88
1361,0.693147,0.693102,88
1362,0.693147,0.693077,88
1363,0.693141,0.693374,88
1364,0.693147,0.692912,88
1365,0.693147,0.6934,88
1366,0.693147,0.692989,88
1367,0.693163,0.69766,88
1368,0.693149,0.691889,88
1369,0.693147,0.692177,88
1370,0.693148,0.693771,84
1371,0.693148,0.692883,84
1372,0.693148,0.693023,84
1373,0.693146,0.69325,84
1374,0.693147,0.693127,84
1375,0.693147,0.693031,84
1376,0.693147,0.693291,84
1377,0.693144,0.693206,84
1378,0.693148,0.69305,84
1379,0.693147,0.69331,84
1380,0.693143,0.693386,84
1381,0.693147,0.693179,84
1382,0.693152,0.694413,84
1383,0.693146,0.692869,84
1384,0.693144,0.692944,84
1385,0.693148,0.693061,84
1386,0.693145,0.693755,84
1387,0.693142,0.693056,84
1388,0.693147,0.693052,84
1389,0.693146,0.693054,84
1390,0.693147,0.693075,88
1391,0.693143,0.692601,88
1392,0.693147,0.693908,88
1393,0.693146,0.693524,88
1394,0.693147,0.693149,88
1395,0.693146,0.693548,88
1396,0.693146,0.692879,88
1397,0.693146,0.693123,88
1398,0.693147,0.693174,88
1399,0.693136,0.692824,88
1400,0.693145,0.692649,84
1401,0.693145,0.693074,84
1402,0.693146,0.694007,84
1403,0.693149,0.692399,84
1404,0.693138,0.691942,84
1405,0.693139,0.696536,84
1406,0.693148,0.692618,84
1407,0.693151,0.691745,84
1408,0.693148,0.693677,84
1409,0.693147,0.693487,84
1410,0.693143,0.693372,85
1411,0.693149,0.69337,85
1412,0.693147,0.693136,85
1413,0.693148,0.692839,85
1414,0.693143,0.693403,85
1415,0.693149,0.69336,85
1416,0.693146,0.693456,85
1417,0.693147,0.692963,85
1418,0.693146,0.693129,85
1419,0.693147,0.69324,85
1420,0.693148,0.69325,84
1421,0.693147,0.693047,84
1422,0.693147,0.69319,84
1423,0.693146,0.693131,84
1424,0.693147,0.693138,84
1425,0.693147,0.693307,84
1426,0.693148,0.693112,84
1427,0.693147,0.693239,84
1428,0.693147,0.693097,84
1429,0.693145,0.693276,84
1430,0.693148,0.693281,88
1431,0.693146,0.693219,88
1432,0.693147,0.693008,88
1433,0.693147,0.693116,88
1434,0.693148,0.693155,88
1435,0.693147,0.693307,88
1436,0.693147,0.69314,88
1437,0.693144,0.693286,88
1438,0.69315,0.693847,88
1439,0.693147,0.693011,88
1440,0.693147,0.69276,88
1441,0.693144,0.693998,88
1442,0.693151,0.692594,88
1443,0.693145,0.693434,88
1444,0.693147,0.693205,88
1445,0.693147,0.692926,88
1446,0.693146,0.693457,88
1447,0.693147,0.692948,88
1448,0.693142,0.69327,88
1449,0.693148,0.693522,88
1450,0.693148,0.693057,87
1451,0.693144,0.693376,87
1452,0.693147,0.693291,87
1453,0.693149,0.693383,87
1454,0.693145,0.69313,87
1455,0.693145,0.693245,87
1456,0.693147,0.693141,87
1457,0.693146,0.693118,87
1458,0.693147,0.693274,87
1459,0.693146,0.693512,87
1460,0.693148,0.693362,85
1461,0.693146,0.693013,85
1462,0.693147,0.693291,85
1463,0.693147,0.69314,85
1464,0.693147,0.693298,85
1465,0.693146,0.693212,85
1466,0.693145,0.693207,85
1467,0.693146,0.693268,85
1468,0.693146,0.693012,85
1469,0.693147,0.693211,85
1470,0.693146,0.693118,85
1471,0.693147,0.692996,85
1472,0.693147,0.693135,85
1473,0.693148,0.693143,85
1474,0.693147,0.693092,85
1475,0.693144,0.693121,85
1476,0.693152,0.693882,85
1477,0.693147,0.693074,85
1478,0.693147,0.693003,85
1479,0.693146,0.69317,85
1480,0.693147,0.693192,88
1481,0.693146,0.693246,88
1482,0.693146,0.693029,88
1483,0.693147,0.693411,88
1484,0.693147,0.693091,88
1485,0.693146,0.693109,88
1486,0.693147,0.693289,88
1487,0.693147,0.693059,88
1488,0.693147,0.693207,88
1489,0.693147,0.69308,88
1490,0.693147,0.693204,85
1491,0.693147,0.692942,85
1492,0.693147,0.693084,85
1493,0.693146,0.693294,85
1494,0.693147,0.693165,85
1495,0.693147,0.693189,85
1496,0.693147,0.693147,85
1497,0.693147,0.693201,85
1498,0.693147,0.693024,85
1499,0.693147,0.693186,85
1500,0.693148,0.693315,87
1501,0.693146,0.693303,87
1502,0.693146,0.693165,87
1503,0.693147,0.693202,87
1504,0.693147,0.693241,87
1505,0.693146,0.69312,87
1506,0.693147,0.69333,87
1507,0.693147,0.693171,87
1508,0.693147,0.693186,87
1509,0.693147,0.693035,87
1510,0.693147,0.693222,86
1511,0.693146,0.693419,86
1512,0.693147,0.693039,86
1513,0.693148,0.692866,86
1514,0.693147,0.693513,86
1515,0.693143,0.693255,86
1516,0.693147,0.693285,86
1517,0.693148,0.693513,86
1518,0.693146,0.693096,86
1519,0.693147,0.69283,86
1520,0.693147,0.693101,87
1521,0.693146,0.693383,87
1522,0.693147,0.693086,87
1523,0.693147,0.69318,87
1524,0.693147,0.69315,87
1525,0.693147,0.693128,87
1526,0.693146,0.693072,87
1527,0.693147,0.693113,87
1528,0.693147,0.693438,87
1529,0.693146,0.693101,87
1530,0.693147,0.693142,85
1531,0.693147,0.693065,85
1532,0.693146,0.693046,85
1533,0.693147,0.693016,85
1534,0.693147,0.693271,85
1535,0.693147,0.693148,85
1536,0.693148,0.692963,85
1537,0.693139,0.694274,85
1538,0.693149,0.693138,85
1539,0.693147,0.693439,85
1540,0.693146,0.693065,85
1541,0.693147,0.69325,85
1542,0.693147,0.693217,85
1543,0.693145,0.693447,85
1544,0.693146,0.693094,85
1545,0.693147,0.692998,85
1546,0.693147,0.693065,85
1547,0.693145,0.693435,85
1548,0.693146,0.692989,85
1549,0.693148,0.693119,85
1550,0.693147,0.693118,86
1551,0.693146,0.693248,86
1552,0.693147,0.693163,86
1553,0.693148,0.693219,86
1554,0.693145,0.693218,86
1555,0.693148,0.69312,86
1556,0.693147,0.693495,86
1557,0.693148,0.692692,86
1558,0.693144,0.694556,86
1559,0.693147,0.692807,86
1560,0.693143,0.693295,86
1561,0.693146,0.693089,86
1562,0.693147,0.693186,86
1563,0.693147,0.693055,86
1564,0.693144,0.693698,86
1565,0.69315,0.693401,86
1566,0.693145,0.693132,86
1567,0.693147,0.693043,86
1568,0.693147,0.693219,86
1569,0.693142,0.693366,86
1570,0.69315,0.693519,88
1571,0.693146,0.693339,88
1572,0.693144,0.693326,88
1573,0.693147,0.693162,88
1574,0.693147,0.693255,88
1575,0.693148,0.693326,88
1576,0.693145,0.693155,88
1577,0.693147,0.693093,88
1578,0.693145,0.693061,88
1579,0.693145,0.693453,88
1580,0.693145,0.693052,85
1581,0.693147,0.693311,85
1582,0.693146,0.693161,85
1583,0.693147,0.693164,85
1584,0.693145,0.69324,85
1585,0.693148,0.693105,85
1586,0.693147,0.693148,85
1587,0.693146,0.693202,85
1588,0.693147,0.693212,85
1589,0.693145,0.693165,85
1590,0.693147,0.693252,84
1591,0.693146,0.693069,84
1592,0.693146,0.69316,84
1593,0.693146,0.693148,84
1594,0.693147,0.693303,84
1595,0.693147,0.692967,84
1596,0.693146,0.693301,84
1597,0.693147,0.693219,84
1598,0.693146,0.693156,84
1599,0.693145,0.693131,84
1600,0.693147,0.693114,85
1601,0.693146,0.693284,85
1602,0.693147,0.693116,85
1603,0.693147,0.693326,85
1604,0.693147,0.693079,85
1605,0.693147,0.693268,85
1606,0.693146,0.693011,85
1607,0.693147,0.693238,85
1608,0.693146,0.693071,85
1609,0.693147,0.693324,85
1610,0.693147,0.69307,85
1611,0.693146,0.692888,85
1612,0.693146,0.693329,85
1613,0.693147,0.6931,85
1614,0.693147,0.693342,85
1615,0.693146,0.693073,85
1616,0.693146,0.693321,85
1617,0.693147,0.693032,85
1618,0.693147,0.692715,85
1619,0.693147,0.693413,85
1620,0.693147,0.692948,85
1621,0.693148,0.693098,85
1622,0.693145,0.693201,85
1623,0.693149,0.693255,85
1624,0.693148,0.692996,85
1625,0.693144,0.693499,85
1626,0.693148,0.693126,85
1627,0.693151,0.693552,85
1628,0.693145,0.693381,85
1629,0.693147,0.693144,85
1630,0.693147,0.693134,87
1631,0.693141,0.694112,87
1632,0.693147,0.692571,87
1633,0.693149,0.693432,87
1634,0.693146,0.693305,87
1635,0.693146,0.693008,87
1636,0.693147,0.69335,87
1637,0.693147,0.693141,87
1638,0.693147,0.693338,87
1639,0.693147,0.69286,87
1640,0.693147,0.693253,85
1641,0.693143,0.692903,85
1642,0.693147,0.693313,85
1643,0.693148,0.693237,85
1644,0.693142,0.693398,85
1645,0.693147,0.693158,85
1646,0.693148,0.693175,85
1647,0.693149,0.693545,85
1648,0.693147,0.692725,85
1649,0.693145,0.69341,85
1650,0.693148,0.692809,85
1651,0.693147,0.693305,85
1652,0.693148,0.693161,85
1653,0.693147,0.69326,85
1654,0.693147,0.693033,85
1655,0.693146,0.693328,85
1656,0.693147,0.693097,85
1657,0.693147,0.693141,85
1658,0.693147,0.693263,85
1659,0.693146,0.693282,85
1660,0.693147,0.693142,87
1661,0.693148,0.693051,87
1662,0.693146,0.69314,87
1663,0.693147,0.693077,87
1664,0.693145,0.69331,87
1665,0.693147,0.692978,87
1666,0.693146,0.693355,87
1667,0.693147,0.693024,87
1668,0.693147,0.69315,87
1669,0.693146,0.69315,87
1670,0.693147,0.693281,85
1671,0.693147,0.693096,85
1672,0.693147,0.693188,85
1673,0.693147,0.692991,85
1674,0.693146,0.693217,85
1675,0.693147,0.693106,85
1676,0.693146,0.693197,85
1677,0.693147,0.693169,85
1678,0.693147,0.693136,85
1679,0.693147,0.693035,85
1680,0.693144,0.693348,85
1681,0.693147,0.693287,85
1682,0.693146,0.693271,85
1683,0.693148,0.693342,85
1684,0.693146,0.693115,85
1685,0.693145,0.69346,85
1686,0.693149,0.692725,85
1687,0.693147,0.692918,85
1688,0.693143,0.693311,85
1689,0.693148,0.694332,85
1690,0.693146,0.692906,85
1691,0.693145,0.69622,85
1692,0.693145,0.6921,85
1693,0.693146,0.693004,85
1694,0.693145,0.693252,85
1695,0.693142,0.692989,85
1696,0.69315,0.693789,85
1697,0.693148,0.693454,85
1698,0.693136,0.692664,85
1699,0.693149,0.694303,85
1700,0.69314,0.693332,88
1701,0.693143,0.693205,88
1702,0.693146,0.692911,88
1703,0.693146,0.693223,88
1704,0.693144,0.693089,88
1705,0.693143,0.693262,88
1706,0.693148,0.693348,88
1707,0.693147,0.693249,88
1708,0.693145,0.693343,88
1709,0.693148,0.692792,88
1710,0.693146,0.693256,87
1711,0.693147,0.693103,87
1712,0.693144,0.693182,87
1713,0.693146,0.69288,87
1714,0.693144,0.693281,87
1715,0.693147,0.693044,87
1716,0.693147,0.692729,87
1717,0.693146,0.693562,87
1718,0.693145,0.693312,87
1719,0.693147,0.692855,87
1720,0.693149,0.693125,86
1721,0.693144,0.693216,86
1722,0.693147,0.693245,86
1723,0.693149,0.693349,86
1724,0.693148,0.692504,86
1725,0.693142,0.693407,86
1726,0.693148,0.693639,86
1727,0.693146,0.693041,86
1728,0.693146,0.693079,86
1729,0.693147,0.692802,86
1730,0.693141,0.693418,85
1731,0.693154,0.693373,85
1732,0.693143,0.693178,85
1733,0.693138,0.693282,85
1734,0.693148,0.693511,85
1735,0.693147,0.693212,85
1736,0.693147,0.692943,85
1737,0.693145,0.692971,85
1738,0.693148,0.693538,85
1739,0.693147,0.692727,85
1740,0.693146,0.693337,87
1741,0.693148,0.693036,87
1742,0.693146,0.69326,87
1743,0.693146,0.693056,87
1744,0.693147,0.693254,87
1745,0.693149,0.693105,87
1746,0.693147,0.69273,87
1747,0.693144,0.693392,87
1748,0.693147,0.693179,87
1749,0.693149,0.693116,87
1750,0.693146,0.693361,86
1751,0.693148,0.692705,86
1752,0.693144,0.693442,86
1753,0.693145,0.69308,86
1754,0.693148,0.693543,86
1755,0.693148,0.69293,86
1756,0.693147,0.693208,86
1757,0.693147,0.692992,86
1758,0.693144,0.693258,86
1759,0.693146,0.692546,86
1760,0.693147,0.693618,85
1761,0.693146,0.69319,85
1762,0.693146,0.693339,85
1763,0.693145,0.693187,85
1764,0.693145,0.693358,85
1765,0.693146,0.693041,85
1766,0.693146,0.692989,85
1767,0.693147,0.693274,85
1768,0.693146,0.693174,85
1769,0.693147,0.692942,85
1770,0.693147,0.693249,85
1771,0.693147,0.692898,85
1772,0.693147,0.693028,85
1773,0.693147,0.693213,85
1774,0.693145,0.693104,85
1775,0.693145,0.693352,85
1776,0.693147,0.692928,85
1777,0.693147,0.693238,85
1778,0.693147,0.693076,85
1779,0.693147,0.693104,85
1780,0.693147,0.693118,85
1781,0.693146,0.693033,85
1782,0.693147,0.693334,85
1783,0.693147,0.693143,85
1784,0.693146,0.69344,85
1785,0.693147,0.693147,85
1786,0.693147,0.693164,85
1787,0.693147,0.693078,85
1788,0.693146,0.693288,85
1789,0.693146,0.693152,85
1790,0.693147,0.693281,85
1791,0.693147,0.69325,85
1792,0.693142,0.693258,85
1793,0.693149,0.694191,85
1794,0.693147,0.693232,85
1795,0.693146,0.692612,85
1796,0.693144,0.694391,85
1797,0.693148,0.693757,85
1798,0.693146,0.692998,85
1799,0.693146,0.69235,85
1800,0.693148,0.692274,88
1801,0.693147,0.694059,88
1802,0.693146,0.693096,88
1803,0.693145,0.693043,88
1804,0.693145,0.694765,88
1805,0.693147,0.692738,88
1806,0.693147,0.693423,88
1807,0.693147,0.692952,88
1808,0.693147,0.693207,88
1809,0.693146,0.693165,88
1810,0.693147,0.693129,86
1811,0.693145,0.692974,86
1812,0.693146,0.693539,86
1813,0.693143,0.693861,86
1814,0.693147,0.692792,86
1815,0.693147,0.693432,86
1816,0.693146,0.693143,86
1817,0.693146,0.693179,86
1818,0.693147,0.693099,86
1819,0.693147,0.693079,86
1820,0.693147,0.693123,86
1821,0.693146,0.693121,86
1822,0.693146,0.693111,86
1823,0.693147,0.693173,86
1824,0.693147,0.69322,86
1825,0.693145,0.693125,86
1826,0.693147,0.693125,86
1827,0.693146,0.693233,86
1828,0.693146,0.693111,86
1829,0.693144,0.69327,86
1830,0.693146,0.693205,85
1831,0.693146,0.693051,85
1832,0.69315,0.69322,85
1833,0.693137,0.693297,85
1834,0.693148,0.693002,85
1835,0.693147,0.693628,85
1836,0.69315,0.693309,85
1837,0.693143,0.69299,85
1838,0.693143,0.692983,85
1839,0.693151,0.693657,85
1840,0.693141,0.693058,86
1841,0.693147,0.693889,86
1842,0.693147,0.692729,86
1843,0.693146,0.69323,86
1844,0.693146,0.693143,86
1845,0.693146,0.693383,86
1846,0.693146,0.693185,86
1847,0.693142,0.69323,86
1848,0.693146,0.693343,86
1849,0.693148,0.693006,86
1850,0.693146,0.693175,85
1851,0.693145,0.693203,85
1852,0.693146,0.693158,85
1853,0.693151,0.693236,85
1854,0.693146,0.692864,85
1855,0.693141,0.693,85
1856,0.693151,0.693815,85
1857,0.693148,0.692743,85
1858,0.693148,0.69328,85
1859,0.693139,0.693179,85
1860,0.693154,0.693506,88
1861,0.693146,0.693266,88
1862,0.693144,0.693126,88
1863,0.693146,0.693331,88
1864,0.693148,0.692926,88
1865,0.693144,0.693159,88
1866,0.693147,0.693224,88
1867,0.693146,0.693197,88
1868,0.693147,0.693211,88
1869,0.693144,0.693334,88
1870,0.693146,0.693142,85
1871,0.693146,0.692939,85
1872,0.693145,0.693173,85
1873,0.693148,0.693696,85
1874,0.693148,0.693078,85
1875,0.693146,0.692956,85
1876,0.693147,0.69336,85
1877,0.693149,0.692964,85
1878,0.693148,0.692872,85
1879,0.693144,0.693593,85
1880,0.693141,0.693019,86
1881,0.693148,0.693984,86
1882,0.693145,0.692689,86
1883,0.693149,0.692635,86
1884,0.693146,0.694604,86
1885,0.693146,0.692705,86
1886,0.693146,0.693318,86
1887,0.693145,0.698884,86
1888,0.69316,0.691199,86
1889,0.69315,0.692579,86
1890,0.693145,0.693013,85
1891,0.693147,0.692861,85
1892,0.693146,0.693095,85
1893,0.693147,0.693125,85
1894,0.693147,0.693249,85
1895,0.693147,0.69314,85
1896,0.693147,0.693075,85
1897,0.693146,0.693446,85
1898,0.693147,0.6932,85
1899,0.693147,0.693069,85
1900,0.693147,0.693175,87
1901,0.693147,0.693185,87
1902,0.693147,0.693117,87
1903,0.693146,0.693047,87
1904,0.693146,0.693335,87
1905,0.693148,0.693484,87
1906,0.693146,0.693176,87
1907,0.693145,0.693043,87
1908,0.693148,0.693464,87
1909,0.693146,0.693164,87
1910,0.693147,0.693068,85
1911,0.693144,0.693332,85
1912,0.693145,0.693316,85
1913,0.693148,0.693407,85
1914,0.693143,0.69325,85
1915,0.693148,0.693501,85
1916,0.693149,0.693339,85
1917,0.693146,0.692715,85
1918,0.693144,0.693307,85
1919,0.693147,0.693059,85
1920,0.693147,0.692928,85
1921,0.693147,0.693058,85
1922,0.693147,0.693031,85
1923,0.693147,0.693284,85
1924,0.693145,0.693268,85
1925,0.693146,0.693138,85
1926,0.693149,0.693397,85
1927,0.693146,0.692929,85
1928,0.693146,0.693137,85
1929,0.693146,0.693297,85
1930,0.693148,0.693397,85
1931,0.693147,0.693287,85
1932,0.693146,0.693042,85
1933,0.693147,0.693302,85
1934,0.693148,0.693071,85
1935,0.693145,0.693401,85
1936,0.693146,0.693111,85
1937,0.693146,0.69322,85
1938,0.693146,0.693091,85
1939,0.693147,0.693311,85
1940,0.693147,0.693024,87
1941,0.693147,0.693071,87
1942,0.693146,0.693267,87
1943,0.693146,0.693196,87
1944,0.693146,0.693214,87
1945,0.693147,0.693184,87
1946,0.693147,0.693239,87
1947,0.693147,0.693047,87
1948,0.693146,0.693056,87
1949,0.693147,0.693385,87
1950,0.693147,0.693045,85
1951,0.693147,0.693069,85
1952,0.693148,0.693328,85
1953,0.693147,0.692841,85
1954,0.693146,0.693493,85
1955,0.693146,0.693142,85
1956,0.693147,0.69321,85
1957,0.693147,0.693107,85
1958,0.693147,0.693085,85
1959,0.693146,0.693107,85
1960,0.693146,0.693402,87
1961,0.693147,0.69321,87
1962,0.693145,0.69318,87
1963,0.693147,0.693598,87
1964,0.693147,0.693131,87
1965,0.693147,0.693082,87
1966,0.693146,0.693082,87
1967,0.693145,0.693179,87
1968,0.693147,0.693211,87
1969,0.693144,0.693158,87
1970,0.693147,0.69313,87
1971,0.693146,0.693084,87
1972,0.693146,0.693288,87
1973,0.693147,0.693102,87
1974,0.693145,0.693145,87
1975,0.693147,0.693317,87
1976,0.693147,0.692928,87
1977,0.693147,0.693308,87
1978,0.693144,0.693324,87
1979,0.693149,0.69386,87
1980,0.693147,0.693048,85
1981,0.693146,0.693145,85
1982,0.693143,0.693215,85
1983,0.693147,0.69333,85
1984,0.693147,0.693152,85
1985,0.693146,0.693111,85
1986,0.693147,0.693016,85
1987,0.693146,0.692964,85
1988,0.693144,0.693366,85
1989,0.693146,0.693202,85
1990,0.693146,0.693115,85
1991,0.693147,0.692895,85
1992,0.693145,0.693255,85
1993,0.693149,0.693406,85
1994,0.693146,0.692965,85
1995,0.693146,0.693253,85
1996,0.693146,0.693179,85
1997,0.693144,0.693279,85
1998,0.693147,0.693128,85
1999,0.693147,0.693082,85
2000,0.693145,0.693052,86
2001,0.693148,0.693571,86
2002,0.693145,0.692927,86
